N,TCS,TAM
100,1.372964e-01,8.615971e-04
171,6.032971e-01,2.214003e-03
292,2.746578e+00,7.608557e-03
500,1.467717e+01,2.822618e-02
