N,TCS,TAM,TLM
100,1.703200e-03,2.500000e-05,1.640000e-05
171,7.398200e-03,1.310000e-04,4.620000e-05
292,3.892030e-02,4.288000e-04,9.890000e-05
500,2.857272e-01,1.251500e-03,2.210000e-04
