N,TCS,TAM
100,3.350869e-03,3.382917e-04
171,9.451266e-03,2.899439e-04
292,8.838795e-02,1.323790e-03
500,4.589698e-01,2.783536e-03
