N,TCS,TAM,TLM
100,1.697800e-03,2.190000e-05,1.340000e-05
171,7.260500e-03,1.270000e-04,4.440000e-05
292,3.786460e-02,4.150000e-04,9.810000e-05
500,2.809507e-01,1.218000e-03,2.250000e-04
