N,TCS,TAM,TLM
100,8.582100e-03,1.600000e-05,1.030000e-05
171,4.319470e-02,1.162000e-04,4.380000e-05
292,2.153205e-01,3.980000e-04,9.470000e-05
500,1.074868e+00,1.134200e-03,2.101000e-04
