N,TCS,TAM,TLM
100,9.133200e-03,1.930000e-05,1.340000e-05
171,4.320280e-02,1.225000e-04,4.560000e-05
292,2.152387e-01,4.115000e-04,9.760000e-05
500,1.074683e+00,1.166200e-03,2.094000e-04
