N,TCS,TAM,TLM
100,5.372000e-04,1.460000e-05,5.800000e-06
144,2.022400e-03,9.940000e-05,4.620000e-05
189,6.053400e-03,1.531000e-04,6.370000e-05
233,8.360000e-03,2.125000e-04,7.010000e-05
278,1.348360e-02,3.108000e-04,9.090000e-05
322,2.129180e-02,4.210000e-04,1.096000e-04
367,3.396560e-02,5.654000e-04,1.414000e-04
411,5.674590e-02,6.899000e-04,1.596000e-04
456,6.906210e-02,9.585000e-04,2.230000e-04
500,1.036709e-01,1.025500e-03,2.202000e-04
