N,TCS,TAM,TLM
100,4.797000e-04,1.410000e-05,4.300000e-06
144,1.814200e-03,8.340000e-05,5.760000e-05
189,5.422400e-03,1.132000e-04,4.370000e-05
233,7.514800e-03,2.006000e-04,5.730000e-05
278,1.271360e-02,2.802000e-04,8.100000e-05
322,2.031310e-02,3.801000e-04,9.710000e-05
367,3.060310e-02,5.057000e-04,1.262000e-04
411,6.513190e-02,7.796000e-04,1.631000e-04
456,6.758280e-02,9.394000e-04,2.221000e-04
500,9.953190e-02,1.172800e-03,2.838000e-04
