N,TCS,TAM
100,5.094647e-02,5.039692e-04
144,1.598589e-01,9.013891e-04
189,3.560772e-01,1.729393e-03
233,6.781541e-01,2.600670e-03
278,1.121234e+00,4.173827e-03
322,2.062694e+00,6.521606e-03
367,2.977752e+00,8.528113e-03
411,4.227412e+00,1.086028e-02
456,6.059046e+00,1.340630e-02
500,8.034079e+00,1.652210e-02
