N,TCS,TAM,TLM
100,3.753000e-03,3.420000e-05,7.600000e-06
144,1.085800e-02,1.156000e-04,5.110000e-05
189,2.893040e-02,2.017000e-04,7.770000e-05
233,4.991490e-02,2.866000e-04,8.380000e-05
278,8.547920e-02,4.207000e-04,1.014000e-04
322,1.340042e-01,5.541000e-04,1.140000e-04
367,2.112846e-01,8.003000e-04,1.552000e-04
411,3.025913e-01,9.345000e-04,1.635000e-04
456,4.157299e-01,1.188500e-03,2.029000e-04
500,5.565726e-01,1.438500e-03,2.243000e-04
