N,TCS,TAM,TLM
100,3.612800e-03,3.320000e-05,7.100000e-06
144,1.158250e-02,1.282000e-04,6.230000e-05
189,2.967660e-02,1.840000e-04,6.400000e-05
233,5.086520e-02,3.666000e-04,8.430000e-05
278,8.888230e-02,4.371000e-04,1.111000e-04
322,1.561193e-01,5.974000e-04,1.688000e-04
367,2.272609e-01,8.331000e-04,1.567000e-04
411,3.160507e-01,9.117000e-04,1.572000e-04
456,4.509607e-01,1.161500e-03,2.235000e-04
500,7.081345e-01,1.956600e-03,3.464000e-04
