N,TCS,TAM
100,1.723305e-03,1.832557e-04
144,3.572058e-03,2.670747e-04
188,9.481532e-03,7.573387e-04
232,1.227476e-02,3.303008e-04
276,2.887515e-02,9.887821e-04
320,4.287673e-02,3.502227e-04
364,6.275501e-02,9.194104e-04
408,8.707620e-02,1.481460e-03
452,1.204524e-01,9.109361e-04
496,1.601543e-01,8.436352e-04
