N,TCS,TAM,TLM
10,0.000000E+00,1.000000E-06,0.000000E+00
100,3.370000E-04,3.700000E-05,3.000000E-06
500,6.684800E-02,7.670000E-04,1.820000E-04
1000,8.562840E-01,2.992000E-03,5.570000E-04
1500,4.481728E+00,5.194000E-03,1.044000E-03
2000,1.303940E+01,6.350000E-03,1.928000E-03
2500,4.765450E+01,9.281000E-03,5.327000E-03
3000,1.045667E+02,2.517800E-02,4.464000E-03
