N,TCS,TAM,TLM
10,0.000000e+00,1.000000e-06,2.700000e-05
100,3.790000e-04,4.300000e-05,8.000000e-06
500,6.913800e-02,7.010000e-04,2.420000e-04
1000,7.922770e-01,2.916000e-03,7.950000e-04
1500,3.247924e+00,5.064000e-03,1.246000e-03
2000,1.345989e+01,5.560000e-03,2.335000e-03
2500,4.706627e+01,7.399000e-03,3.006000e-03
3000,1.038464e+02,9.644000e-03,4.985000e-03
