N,TCS,TAM,TLM
10,1.000000e-06,1.000000e-06,1.000000e-06
100,3.040000e-04,3.400000e-05,3.000000e-06
500,6.718500e-02,6.470000e-04,1.680000e-04
1000,7.373310e-01,4.208000e-03,4.450000e-04
1500,5.703037e+00,6.238000e-03,1.033000e-03
2000,1.175887e+01,6.223000e-03,2.096000e-03
2500,4.360105e+01,8.118000e-03,3.128000e-03
3000,9.767919e+01,9.184000e-03,4.452000e-03
