N,TCS,TAM
10,2.172900e-05,8.032000e-06
100,3.172998e-03,2.053160e-04
500,1.042906e-01,4.939939e-03
1000,8.282318e-01,6.136525e-03
1500,4.786803e+00,1.189210e-02
2000,3.720992e+01,1.721121e-02
2500,1.071040e+02,4.321158e-02
3000,1.736561e+02,4.245927e-02
