N,TCS,TAM
10,7.295608520507812e-05,1.71661376953125e-05
100,0.04086470603942871,0.0003445148468017578
500,5.22165060043335,0.017316579818725586
1000,51.1198205947876,0.059351444244384766
1500,184.60045099258423,0.13465046882629395
2000,439.89176869392395,0.27800583839416504
2500,842.8882579803467,0.3790159225463867
3000,1658.1435141563416,0.7246317863464355
