N,TCS,TAM
100,3.334167e-02,2.902746e-04
178,1.835636e-01,8.713484e-04
316,1.519463e+00,3.373814e-03
562,9.519335e+00,1.363904e-02
1000,5.595150e+01,3.341611e-01
