N,TCS,TAM
100,1.415910e-03,1.387300e-04
3000,1.470135e+02,3.636803e-02
