N,TCS,TAM
100,8.509727e-04,2.690993e-04
178,3.747270e-03,2.590643e-04
316,2.914920e-02,5.430241e-04
562,1.669203e-01,1.404885e-03
1000,1.041904e+00,4.081276e-03
