N,TCS,TAM,TLM
100,1.200000e-003,0.000000e+000,0.000000e+000
3000,9.203430e+001,2.330000e-002,8.000000e-003
