N,TCS,TAM,TLM
100,2.300000e-003,0.000000e+000,0.000000e+000
3000,1.997154e+002,3.610000e-002,9.000000e-003
