N,TCS,TAM,TLM
100,1.400000e-003,0.000000e+000,0.000000e+000
3000,1.974758e+002,3.570000e-002,7.600000e-003
