N,TCS,TAM,TLM
100,2.979500e-03,7.300000e-06,6.600000e-06
178,1.622470e-02,8.090000e-05,5.170000e-05
316,9.265140e-02,3.291000e-04,1.129000e-04
562,5.457564e-01,1.029800e-03,2.297000e-04
1000,4.698480e+00,3.347000e-03,5.999000e-04
