N,TCS,TAM,TLM
100,3.000000e-004,0.000000e+000,1.000000e-004
3000,1.104012e+002,2.820000e-002,8.100000e-003
