N,TCS,TAM
100,5.219700e-02,4.550219e-04
3000,1.526226e+03,6.155979e-01
