N,TCS,TAM
100,3.297863e-02,2.891541e-04
200,2.913003e-01,1.495647e-03
300,1.054089e+00,3.072834e-03
400,2.682032e+00,6.902552e-03
500,5.578471e+00,1.200156e-02
