N,TCS,TAM,TLM
100,2.336000e-03,1.020000e-05,6.400000e-06
200,2.073420e-02,1.254000e-04,5.800000e-05
300,6.794740e-02,2.444000e-04,9.180000e-05
400,1.602250e-01,4.320000e-04,1.448000e-04
500,3.237018e-01,7.844000e-04,2.942000e-04
