N,TCS,TAM
100,1.085338e-03,2.581696e-04
200,4.014967e-03,4.725392e-04
300,1.600023e-02,7.010186e-04
400,5.798050e-02,7.710246e-04
500,1.231743e-01,1.137743e-03
