N,TCS,TAM,TLM
100,4.586000e-04,9.000000e-06,3.000000e-06
200,4.379200e-03,8.360000e-05,3.380000e-05
300,1.545560e-02,2.938000e-04,1.012000e-04
400,3.431820e-02,4.198000e-04,1.524000e-04
500,6.386120e-02,8.178000e-04,2.042000e-04
