N,TCS,TAM,TLM
100,2.622600e-03,1.560000e-05,4.600000e-06
200,1.983480e-02,1.204000e-04,7.320000e-05
300,6.465520e-02,2.876000e-04,8.460000e-05
400,1.650826e-01,4.516000e-04,1.392000e-04
500,3.242960e-01,6.862000e-04,2.056000e-04
