N,TCS,TAM,TLM
100,4.080000e-04,1.060000e-05,5.600000e-06
200,5.004800e-03,1.078000e-04,5.840000e-05
300,1.644040e-02,3.424000e-04,1.158000e-04
400,3.897260e-02,5.224000e-04,1.800000e-04
500,6.717240e-02,6.838000e-04,2.272000e-04
