N,TCS,TAM,TLM
100,4.000000e-04,0.000000e+00,0.000000e+00
200,3.800000e-03,0.000000e+00,0.000000e+00
300,1.460000e-02,6.000000e-04,0.000000e+00
400,3.260000e-02,4.000000e-04,0.000000e+00
500,7.520000e-02,4.000000e-04,4.000000e-04
