N,TCS,TAM
100,1.811900e-03,2.308800e-04
200,9.739980e-03,3.307600e-04
300,2.286584e-02,5.467200e-04
400,7.092752e-02,8.562800e-04
500,1.397617e-01,1.412640e-03
