N,TCS,TAM,TLM
100,3.000000e-03,0.000000e+00,0.000000e+00
200,2.660000e-02,0.000000e+00,0.000000e+00
300,9.100000e-02,2.000000e-04,4.000000e-04
400,1.934000e-01,6.000000e-04,0.000000e+00
500,4.082000e-01,1.000000e-03,4.000000e-04
