N,TCS,TAM
100,6.925163e-02,6.046772e-04
200,5.807759e-01,3.003407e-03
300,1.898552e+00,1.004348e-02
400,4.587636e+00,1.765752e-02
500,9.014175e+00,2.483850e-02
