N,TCS,TAM,TLM
100,6.000000e-04,0.000000e+00,0.000000e+00
200,4.400000e-03,2.000000e-04,2.000000e-04
300,1.580000e-02,4.000000e-04,2.000000e-04
400,4.060000e-02,2.000000e-04,2.000000e-04
500,8.540000e-02,8.000000e-04,2.000000e-04
