N,TCS,TAM,TLM
100,2.000000e-03,0.000000e+00,0.000000e+00
200,1.920000e-02,2.000000e-04,0.000000e+00
300,7.160000e-02,4.000000e-04,0.000000e+00
400,1.898000e-01,2.000000e-04,2.000000e-04
500,3.652000e-01,6.000000e-04,6.000000e-04
