N,TCS,TAM
100,4.016302e-02,3.684282e-04
233,5.206780e-01,1.971292e-03
367,2.425324e+00,5.789423e-03
500,6.630744e+00,1.169710e-02
