N,TCS,TAM
100,1.508697e-03,2.227822e-04
233,8.225168e-03,3.291751e-04
366,4.493733e-02,1.027991e-03
499,1.320118e-01,8.614373e-04
