N,TCS,TAM,TLM
100,4.140000e-04,3.600000e-05,1.100000e-05
200,4.171000e-03,2.250000e-04,2.200000e-05
300,1.372600e-02,1.830000e-04,4.700000e-05
400,3.152400e-02,3.580000e-04,7.500000e-05
500,6.246200e-02,5.860000e-04,1.350000e-04
600,1.355650e-01,8.810000e-04,1.820000e-04
700,2.622980e-01,1.150000e-03,2.570000e-04
800,3.728090e-01,1.436000e-03,3.090000e-04
900,5.442360e-01,1.863000e-03,3.610000e-04
1000,8.201530e-01,2.211000e-03,4.370000e-04
