N,TCS,TAM
100,3.002659e-03,1.657280e-04
200,3.284211e-03,1.091479e-03
300,1.189360e-02,1.555332e-03
400,4.398857e-02,5.421800e-04
500,1.066936e-01,1.185214e-03
600,1.934455e-01,1.964763e-03
700,3.806487e-01,3.479596e-03
800,5.224997e-01,6.283604e-03
900,6.452770e-01,1.535327e-03
1000,1.014530e+00,2.870365e-03
