N,TCS,TAM,TLM
100,3.530000e-04,3.100000e-05,4.000000e-06
200,3.838000e-03,8.600000e-05,2.500000e-05
300,1.528000e-02,2.830000e-04,7.100000e-05
400,3.369000e-02,3.730000e-04,1.000000e-04
500,7.736300e-02,5.810000e-04,1.500000e-04
600,1.463170e-01,9.330000e-04,1.910000e-04
700,2.817230e-01,1.163000e-03,2.470000e-04
800,3.883420e-01,1.858000e-03,2.580000e-04
900,5.641120e-01,1.868000e-03,3.120000e-04
1000,7.664630e-01,2.537000e-03,3.500000e-04
