N,TCS,TAM,TLM
100,2.468000e-03,3.700000e-05,1.200000e-05
200,1.849800e-02,1.070000e-04,4.400000e-05
300,6.178700e-02,1.800000e-04,4.900000e-05
400,1.557220e-01,4.510000e-04,7.600000e-05
500,3.080260e-01,5.580000e-04,1.230000e-04
600,5.924690e-01,7.910000e-04,1.750000e-04
700,9.874810e-01,1.121000e-03,2.300000e-04
800,1.721108e+00,1.599000e-03,3.010000e-04
900,2.438669e+00,2.064000e-03,5.380000e-04
1000,3.837151e+00,2.745000e-03,4.580000e-04
