N,TCS,TAM
100,2.961540e-02,2.784729e-04
200,2.531512e-01,1.442432e-03
300,9.881167e-01,2.909184e-03
400,2.467485e+00,7.693052e-03
500,5.575589e+00,1.571465e-02
600,1.196039e+01,2.533603e-02
700,1.470983e+01,3.275609e-02
800,2.385968e+01,3.551650e-02
900,3.602278e+01,4.507804e-02
1000,4.920191e+01,5.322194e-02
