N,TCS,TAM,TLM
100,2.579000e-03,3.200000e-05,4.000000e-06
200,1.881300e-02,9.700000e-05,3.700000e-05
300,6.691200e-02,2.830000e-04,6.400000e-05
400,1.617730e-01,4.200000e-04,9.400000e-05
500,3.276320e-01,6.330000e-04,1.830000e-04
600,6.716390e-01,1.806000e-03,2.680000e-04
700,9.897830e-01,1.376000e-03,3.600000e-04
800,1.696259e+00,1.620000e-03,2.720000e-04
900,2.236746e+00,2.135000e-03,3.020000e-04
1000,3.309885e+00,3.086000e-03,3.340000e-04
