N,TCS,TAM,TLM
100,2.713400e-03,9.400000e-06,6.000000e-06
200,2.114780e-02,1.046000e-04,6.040000e-05
300,7.522520e-02,3.022000e-04,1.244000e-04
400,1.771326e-01,5.010000e-04,1.726000e-04
500,3.851522e-01,8.496000e-04,2.342000e-04
