N,TCS,TAM,TLM
100,2.554200e-03,1.560000e-05,6.000000e-06
200,2.521140e-02,1.666000e-04,6.100000e-05
300,7.258320e-02,2.614000e-04,1.072000e-04
400,1.848242e-01,5.900000e-04,1.658000e-04
500,3.951290e-01,7.928000e-04,2.218000e-04
