N,TCS,TAM
100,3.888559e-02,3.267288e-04
200,3.008432e-01,1.274538e-03
300,1.555105e+00,4.274321e-03
400,2.922282e+00,7.920027e-03
500,6.714851e+00,1.349926e-02
