N,TCS,TAM,TLM
100,4.434000e-04,1.080000e-05,4.400000e-06
200,4.808200e-03,9.740000e-05,4.160000e-05
300,1.737380e-02,2.778000e-04,8.840000e-05
400,3.829080e-02,4.742000e-04,1.318000e-04
500,8.284180e-02,7.734000e-04,2.338000e-04
