N,TCS,TAM,TLM
100,3.560000e-04,9.600000e-06,3.000000e-06
200,4.211200e-03,8.800000e-05,3.200000e-05
300,1.562220e-02,2.492000e-04,7.980000e-05
400,3.458320e-02,3.978000e-04,1.124000e-04
500,6.793940e-02,6.744000e-04,1.634000e-04
