N,TCS,TAM
100,2.197583e-03,3.019408e-04
200,4.994073e-03,3.344860e-04
300,1.824073e-02,6.028218e-04
400,6.366953e-02,8.121728e-04
500,1.413960e-01,1.113609e-03
